,desc_text_lengh,desc_unique_word_count,desc_lexical_diversity,desc_avg_word_length,rev_text_lengh,rev_unique_word_count,rev_lexical_diversity,rev_avg_word_length,cosine_similarity,cluster
com.ai.skillium,0.2286902286902287,0.34962406015037595,0.7905043999977907,0.304314209184378,0.09008189262966333,0.14166666666666666,0.4579993713657079,0.5312927311667315,0.2000820047146877,1
es.monkimun.lingokids,0.918918918918919,0.8421052631578947,0.2528568916309168,0.31970036325309187,0.21929026387625114,0.28958333333333336,0.258769351361944,0.24446543961018732,0.629492340524398,2
com.talkin.learn,0.8045738045738046,0.7105263157894737,0.22837327417795814,0.4068418712039526,0.5959963603275705,0.6833333333333333,0.12109516561571353,0.41360595485094886,0.4753189853873651,2
com.duolingo.literacy,0.8918918918918919,0.5864661654135338,0.027578810825572213,0.15039213734209397,0.19199272065514103,0.275,0.3450517922348908,0.35058176913187383,0.5890472372577938,2
com.magoosh.flashcards.gre,0.7110187110187111,0.7368421052631579,0.36514180405018837,0.18350608474558897,0.13739763421292084,0.22291666666666668,0.4921672372652765,0.8376320380249693,0.5395815071465229,1
com.bal.listenboise,0.05197505197505198,0.06390977443609022,0.6603444118307377,0.12358133669609087,0.13557779799818018,0.21875,0.4854409755072006,0.4032677368382205,0.4156036783116836,1
com.atistudios.mondly.languages,0.735966735966736,0.7556390977443609,0.35578618017034974,0.605835840507326,0.4913557779799818,0.6104166666666667,0.19525713114273993,0.8601626470844052,0.8765536719059588,2
com.triaxo.nkenne,0.31392931392931395,0.37969924812030076,0.5383869827616571,0.2743386655709366,0.27206551410373064,0.38125,0.3194642197964458,0.4245481311059116,0.5388876843951472,1
com.prodigygame.prodigy,0.41372141372141374,0.44360902255639095,0.41620470592511877,0.3382082156926201,0.2584167424931756,0.3145833333333333,0.1788073038073039,0.36774891836956164,0.5229847869506469,1
com.bluemind.learnenglishgrammar,0.7027027027027027,0.4774436090225564,0.05851274131045438,0.5783654925806283,0.13739763421292084,0.18125,0.2613341632949477,0.5013247554958163,0.5951554350529249,0
com.Hello_Hello.Japanese.Main,0.7817047817047817,0.7443609022556391,0.28936714775386085,0.29015986657446197,0.010009099181073703,0.022916666666666665,1.0,0.46986149621554285,0.4714669206527093,0
com.linguist,0.7130977130977131,0.6917293233082706,0.30796670630202133,0.5528952660100201,0.5386715195632393,0.69375,0.230031799476244,0.5075909231268878,0.6867430319548374,2
com.sololearn.ai,0.5613305613305614,0.45112781954887216,0.17697786425491524,0.09534606255917705,0.12283894449499545,0.2125,0.57464372610358,0.5147597968673203,0.6920916901275006,2
com.masterenglishprogram,0.5488565488565489,0.5601503759398496,0.361058765449709,0.45194853594380424,0.4012738853503185,0.54375,0.28248951950983564,0.5243149519495979,0.24917718354599408,0
com.bebi.family.baby.coloring,0.1787941787941788,0.22180451127819548,0.5871596756342056,0.010702050017297255,0.11010009099181074,0.15416666666666667,0.32523551425990455,0.5216096047716354,0.48482788890383455,1
com.holucent.grammar,0.446985446985447,0.6654135338345865,0.756456081138425,0.07251466863985513,0.22383985441310283,0.28958333333333336,0.23811123911930374,0.3932966697008427,0.43722079461726393,1
com.uoe.grammarpro,0.31392931392931395,0.37593984962406013,0.5289498007503592,0.6837142411833884,0.14012738853503184,0.20833333333333334,0.38873626373626374,0.6838116593214065,0.4731050518745459,1
fr.lemonde.ftqmobile,0.32432432432432434,0.43609022556390975,0.6441040490084368,0.5352779443077751,0.35577797998180166,0.55,0.4293489236237329,0.5301540676251466,0.47944688476923336,1
com.jernung.infinite.fra,0.31392931392931395,0.35714285714285715,0.4817638906938696,0.8126514303526643,0.3348498635122839,0.4625,0.30319605319605325,0.5528394648795734,0.5731559008009471,1
com.amazon.mp3,0.498960498960499,0.3684210526315789,0.1294424289387481,0.07448602235855878,0.3794358507734304,0.5125,0.27932151380838727,0.4666701155009563,0.5762465023610898,2
com.wonder,0.896049896049896,0.7894736842105263,0.22275651540562832,0.3477315153884699,0.4467697907188353,0.61875,0.30511284973759617,0.5986438712696305,0.641262532416566,2
bc.leg,0.5072765072765073,0.40225563909774437,0.1739933570560438,0.43986356635319174,0.3148316651501365,0.45208333333333334,0.34540914066776135,0.40177247160642054,0.48238552741648166,0
com.duocards.app,0.42203742203742206,0.3609022556390977,0.23729984537511808,0.8339821262130601,0.5268425841674249,0.6729166666666667,0.22192170040707054,0.5587005269372114,0.5060373198400954,2
com.getmimo,0.9272349272349273,0.6804511278195489,0.09266468649866548,0.2989130579675755,0.20564149226569609,0.28541666666666665,0.31068991924255085,0.5273371431025348,0.7486641291018017,2
com.magoosh.gre.quiz.vocabulary,0.5446985446985447,0.5526315789473685,0.35630488277896827,0.07577985574468613,0.18471337579617833,0.24583333333333332,0.26780874951606654,0.6324114372093879,0.5425457575965084,1
com.tv5monde.apprendre,0.5322245322245323,0.6541353383458647,0.537519962506202,0.4947620299529004,0.3821656050955414,0.5833333333333334,0.41416535018430756,0.5854554232016499,0.6699349593796102,1
com.radioplayer.mobile,0.7318087318087318,0.8120300751879699,0.4274814189666153,0.5484067383803533,0.462238398544131,0.55,0.1551509492685964,0.4454250315078627,0.6602277324775181,2
com.aspiro.tidal,0.6278586278586279,0.5112781954887218,0.18000354188276357,0.3943011993238711,1.0,1.0,0.007197641393826637,0.5710554539243335,0.7162148985997984,2
com.duolingo,0.6943866943866944,0.7669172932330827,0.42446111238704143,0.42409867504095744,0.18016378525932666,0.2375,0.25833333333333325,0.39497893912848997,0.7883021642676349,1
com.lingodeer,0.43243243243243246,0.5413533834586466,0.5619197004579148,0.43929596737409754,0.3075523202911738,0.4395833333333333,0.34039449112978526,0.5913096770374008,0.5732913763253299,1
com.radio.pocketfm,0.9022869022869023,0.793233082706767,0.2208391143034076,0.3212846681784487,0.22656960873521384,0.35833333333333334,0.4582779991146526,0.5578708760588907,0.36906424006316413,0
com.holucent.grammarf,0.22661122661122662,0.31954887218045114,0.7021498470753558,0.4815388324308291,0.22383985441310283,0.28125,0.209629416282642,0.5390933534302425,0.2882154255048523,1
com.hyperthought.lingolegend,0.5218295218295218,0.5902255639097744,0.4558286135117416,0.568436045614958,0.6942675159235668,0.69375,0.00741778192758576,0.48041916766292314,0.8892290573821922,2
tinyleo.com.grammarai,0.5031185031185031,0.4774436090225564,0.3048781222887991,0.4558333372398823,0.1665150136487716,0.275,0.5131917631917633,0.4513576983253053,0.23783778173470294,0
air.com.rosettastone.mobile.CoursePlayer,0.8440748440748441,0.7142857142857143,0.19450740360632623,0.2338708503097251,0.4121929026387625,0.5479166666666667,0.26260247688819127,0.6104573176851105,0.5313809672336431,2
com.estudyme.ielts,0.34511434511434513,0.37218045112781956,0.4300305302381538,0.4993106782795054,0.21292083712465878,0.31875,0.3939164648910412,0.5976876529864188,0.5557912844168927,1
com.loora.app,0.3700623700623701,0.40977443609022557,0.44981557695806124,0.319718266539538,0.15013648771610555,0.22083333333333333,0.37612869499097046,0.701427316463357,0.8114640221492107,1
com.david.android.languageswitch,0.7567567567567568,0.5150375939849624,0.05557013121689201,0.5686683028932827,0.5386715195632393,0.6875,0.22111324889102668,0.6223099920649651,0.6748295591721261,2
com.hellotalk,0.8586278586278586,0.8796992481203008,0.3493430685626124,0.6535165654018114,0.41856232939035487,0.5625,0.2737751666323096,0.5990651661431092,0.6908161975507654,2
org.pbskids.gamesapp,0.893970893970894,0.7218045112781954,0.15846296822367292,0.09673262490997538,0.3202911737943585,0.3770833333333333,0.14699354317998378,0.2166266986410869,0.930352876106189,2
com.syubestgames.teachersimulator,0.8357588357588358,0.7857142857142857,0.27660967289115596,0.29745118269708426,0.4030937215650591,0.39791666666666664,0.0,0.17934602193078156,0.42390589322403227,0
com.hellotalk.hellowords,0.8274428274428275,0.8345864661654135,0.33654231339060314,0.4688821304057561,0.2584167424931756,0.3770833333333333,0.3640387390387391,0.7713367260465335,0.8723800537832491,2
com.google.android.apps.translate,0.5114345114345115,0.7406015037593985,0.7218762212816909,1.0,0.2256596906278435,0.2875,0.2230158730158731,0.4978889675824105,0.5935267591629639,1
ai.szl.mobileapp,0.2993762993762994,0.39473684210526316,0.6255843370180937,0.2598615074887722,0.17015468607825296,0.24791666666666667,0.36465944402452344,0.5208020112407485,0.28568254105089047,1
com.rvappstudios.abc.spelling.toddler.spell.phonics,0.6652806652806653,0.45864661654135336,0.07011781886964778,0.2736698271256782,0.16560509554140126,0.22708333333333333,0.29940907522429266,0.40707177443447357,0.643174368391874,2
com.apple.android.music,0.5405405405405406,0.5676691729323309,0.3866028985660087,0.3660997139605694,0.45768880800727935,0.55,0.16426999842841433,0.5960073597101391,0.962001969766727,2
com.grammar.checker.corrector,0.7546777546777547,0.6917293233082706,0.2597723323050315,0.3589743589743587,0.15741583257506825,0.27291666666666664,0.5761904761904763,0.5936469477267926,0.5008866967080182,0
io.ivoca.conversationfrench,0.30561330561330563,0.31954887218045114,0.4108223155744579,0.4221347712020407,0.27024567788899,0.38125,0.32672400063704415,0.6512540258052971,0.7144015376376011,1
com.funeasylearn.english,0.604989604989605,0.5676691729323309,0.2873223292535432,0.20269337838159351,0.09099181073703366,0.14791666666666667,0.49793806411453473,0.5967633086459816,0.27714033782555325,0
com.arturagapov.ielts_prep,0.8316008316008316,0.6879699248120301,0.17858060537540457,0.47884150249105883,0.2183803457688808,0.36666666666666664,0.5329922602649876,0.6466798128319592,0.4843799637097296,0
com.wlingua.curso,0.8087318087318087,0.6127819548872181,0.11924906247141676,0.2890920554854981,0.19381255686988172,0.26875,0.3100775193798449,0.5081735021670574,0.3466710196709883,0
learn.words.learn.english,0.7089397089397089,0.5225563909774437,0.10766168639818016,0.37496573277043677,0.14285714285714285,0.21458333333333332,0.40026954177897567,0.5707813844730255,0.6801722532574318,2
ai.talkpal,0.7900207900207901,0.8082706766917294,0.3504780809937008,0.7413795774451514,0.35577797998180166,0.5104166666666666,0.3439759279453936,0.636312545502102,0.49036077880778917,1
com.innovativelanguage.innovativelanguage101,0.896049896049896,0.7894736842105263,0.22275651540562832,0.25252069142111383,0.3630573248407643,0.47708333333333336,0.25137552943039226,0.5957773029312133,0.7811010283207395,2
com.talksy,0.39501039501039503,0.424812030075188,0.42096582409573846,0.4481959077411217,0.13011828935395814,0.225,0.5737547892720306,0.4621150247927438,0.4809932863288057,1
com.pronunciatorllc.bluebird,0.6632016632016632,0.6578947368421053,0.32945977407222965,0.19565344160246054,0.5095541401273885,0.6916666666666667,0.2835960006778512,0.6258509612202182,0.9447940532179425,2
co.riiid.vida,0.46361746361746364,0.40225563909774437,0.24168198032645122,0.30471626733921814,0.2629663330300273,0.3770833333333333,0.3446244477172312,0.26785872194290916,0.6135863761255231,2
lifegoal.learners.aiwithpython,0.28482328482328484,0.2706766917293233,0.3412419487939339,0.611501553224864,0.1710646041856233,0.2875,0.5352965747702589,0.4937901328786983,0.31613379294069655,0
ru.publishing1c.fixies.eng,0.5467775467775468,0.5075187969924813,0.28338781641500077,0.450493542635996,0.18653321201091902,0.26875,0.3516601487615981,0.23911572851803392,0.3938030241901026,0
com.relitygames.englishgrammar,0.5696465696465697,0.6278195488721805,0.42852689715505304,0.7385553828558024,0.15013648771610555,0.19166666666666668,0.2280914361752685,0.6098258993252171,0.630017482800823,1
com.funeasylearn.phrasebook.french,0.4282744282744283,0.4323308270676692,0.36309031432862143,0.43310295558237566,0.17652411282984531,0.25625,0.3603215095562034,0.6851761374024391,0.7537643911390117,2
com.wobblemonkey.speedygram,0.42203742203742206,0.34962406015037595,0.21538917061845247,0.6344097812380063,0.1592356687898089,0.21458333333333332,0.2816787732041969,0.6055445798801373,0.49947323793266324,0
com.rvappstudios.math.kids.counting,0.6715176715176715,0.5676691729323309,0.20328613122905625,0.12963430012610336,0.13102820746132848,0.19583333333333333,0.3952489671667753,0.5035659739650967,0.6074494731939488,0
com.ieltsspeakeasy.app,0.44490644490644493,0.45864661654135336,0.3788555324959822,0.5762977924055401,0.01637852593266606,0.03125,0.7351190476190476,0.6731141511661134,0.3996720047484607,0
io.zimran.coursiv,0.3575883575883576,0.42105263157894735,0.5077517084938258,0.25399380255628684,0.23657870791628755,0.34375,0.3597025324124561,0.5982724242628596,0.5807977531419811,1
com.rvappstudios.baby.toddler.kids.games.learning.activity,0.2972972972972973,0.3233082706766917,0.44523644502661086,0.18874712558415532,0.19381255686988172,0.2875,0.3839977851605759,0.49523698067693567,0.6581467783825949,1
ai.artificial.intelligence.genai.generative,0.918918918918919,0.6691729323308271,0.08809858393687156,0.16065950198565795,0.272975432211101,0.44375,0.49128823714916425,0.47234105108597463,0.5643630771576565,2
net.tandem,0.8898128898128899,0.7781954887218046,0.21731538378387363,0.34930643127364414,0.7097361237488626,0.8875,0.2006150286201437,0.4666467718977754,0.6850468673308849,2
co.app.langeek,0.340956340956341,0.40225563909774437,0.5115083072949239,0.6876464879211424,0.1392174704276615,0.21666666666666667,0.44175627240143367,0.7493770318861074,0.5364181068142899,1
com.newsoveraudio.noa,0.9085239085239085,0.9586466165413534,0.3746193328587031,0.25066312997347473,0.48316651501364877,0.6125,0.2147994282140624,0.6238012477185426,0.9091350111843506,2
com.codeway.aitutor,0.7962577962577962,0.5413533834586466,0.05239512669691606,0.5114415772152676,0.11464968152866242,0.18125,0.46196056547619047,0.5927156914364881,0.5307131190751029,0
com.arturagapov.ielts,0.6611226611226612,0.6691729323308271,0.3468532191584458,0.3683133212712687,0.3503184713375796,0.44166666666666665,0.21060456913170084,0.6925189334012969,0.6202827235681216,2
com.sirius,0.9438669438669439,1.0,0.37746439054405756,0.3561909955352578,0.5595996360327571,0.66875,0.15856293895191798,0.5703348507697142,0.42157328446331704,2
com.englishvocabulary,0.9604989604989606,0.6879699248120301,0.0758299716230313,0.11121598238162649,0.2229299363057325,0.3729166666666667,0.5281472913051861,0.44171015896477084,0.3499771245764695,0
com.hellotalk.aigrammar,0.681912681912682,0.6278195488721805,0.2672341475074639,0.3356837113475302,0.23930846223839855,0.32916666666666666,0.300314465408805,0.45270511521177004,0.6345544395859721,2
com.guidedelearning.flex,0.21413721413721415,0.21052631578947367,0.38898913215203335,0.2780580075662043,0.267515923566879,0.3958333333333333,0.3795581295581296,0.556598048826028,0.5588083055498636,1
com.google.android.apps.youtube.music,0.3970893970893971,0.4473684210526316,0.46237004876239507,0.38961324432823885,0.19472247497725204,0.3,0.4277263374485597,0.4941289915678279,0.7500488650646367,1
com.selabs.speak,0.7567567567567568,0.6842105263157895,0.24889961436394106,0.4131192693097852,0.2211101000909918,0.33125,0.3945578231292517,0.47160802815926384,0.5255934282472987,0
livio.pack.lang.en_US,0.9563409563409564,0.8308270676691729,0.2098102719124432,0.16463615154159492,0.28389444949954507,0.38125,0.2745298756445253,0.6899439888371802,0.5979950609974102,2
com.gingersoftware.writer,0.39293139293139295,0.4473684210526316,0.4725014713124107,0.4727885199196672,0.28844404003639673,0.40208333333333335,0.313579141165348,0.5785133031846649,0.6782156351319307,1
com.pandora.android,0.896049896049896,0.7857142857142857,0.21908878964577883,0.32267603539706047,0.5659690627843494,0.6208333333333333,0.08310439560439564,0.4375461069964276,0.6654602262851884,2
com.ereflect.wordela,0.24116424116424118,0.3007518796992481,0.5781155392008273,0.8217356414077726,0.2211101000909918,0.2916666666666667,0.2576125688370586,0.5028272866532829,0.35909782550371466,1
com.preply,0.8253638253638254,0.5639097744360902,0.05357401443597123,0.37184741488020173,0.5095541401273885,0.61875,0.1736217025362933,0.5553273531857676,0.6942157520570067,2
com.mojang.minecraftedu,0.40332640332640335,0.5037593984962406,0.5615315648889126,0.5311920480676509,0.2556869881710646,0.37083333333333335,0.35729710022996236,0.6293791089905864,0.8130933328374145,1
com.lilata.french,0.6424116424116424,0.6353383458646616,0.3280726407955896,0.38038566624632203,0.48771610555050043,0.5104166666666666,0.04485307134006016,0.46658066192999703,0.6516478501905857,2
com.daily.micro.learning,0.7027027027027027,0.7781954887218046,0.42669211621698055,0.42745599336661544,0.21656050955414013,0.31666666666666665,0.3672288359788361,0.641244491453469,0.7001447943599162,1
com.atistudios.italk.es,0.6964656964656964,0.8045112781954887,0.4679470220032955,0.09566092814892754,0.20291173794358508,0.3020833333333333,0.3878306878306878,0.41661167784252706,0.6355189970466216,1
com.wlingua.frenchcourse,0.5758835758835759,0.5150375939849624,0.25229135968231026,0.2850268799362846,0.3093721565059145,0.4270833333333333,0.30294486215538846,0.5934145874828176,0.7671336189960996,2
tunein.player,0.9334719334719335,0.8458646616541353,0.24337591484545396,0.3374935093835767,0.2875341219290264,0.4041666666666667,0.32252670460217625,0.48769067647436426,0.6547835684555584,2
com.strukturedkaos.languatalkapp,0.8669438669438669,0.8796992481203008,0.34050372932655926,0.37895493223362076,0.8989990900818926,0.9354166666666667,0.03858024691358015,0.6527456634158838,0.9971782459329634,2
prowriting.english.grammar.checker.translator,0.3991683991683992,0.4323308270676692,0.42669211621698055,0.7664783752814295,0.1710646041856233,0.2604166666666667,0.41447368421052627,0.5779626312585052,0.28552786522749346,0
com.jsk.englieshlearning,0.20582120582120583,0.21804511278195488,0.4480596692249487,0.6325486899257389,0.11373976342129208,0.17083333333333334,0.40210598675165615,0.3654133850929942,0.36115025562745384,0
com.learn.common.french.words,0.2910602910602911,0.31203007518796994,0.4344084504216084,0.30356185485271564,0.16742493175614195,0.2625,0.44935142515787685,0.6110571011684718,0.6490075100680148,1
no.mobitroll.kahoot.android,0.525987525987526,0.518796992481203,0.3340719922170575,0.40258511979823464,0.17288444040036396,0.25833333333333336,0.3929811507936508,0.563743273515902,0.39361297908250864,0
org.ieltstutors.academicwordlist,0.49480249480249483,0.47368421052631576,0.3126780786574832,0.31961264840943165,0.1510464058234759,0.23541666666666666,0.4429091080876795,0.6739419345352733,0.6367896761548364,1
com.logicappkids,0.735966735966736,0.650375939849624,0.23233495931914583,0.4130730506101615,0.21929026387625114,0.29375,0.27330328564896467,0.3388940609809856,0.314818281372358,0
com.estudyme.english_grammar,0.30145530145530147,0.3383458646616541,0.4717780353098218,0.560324349687674,0.11101000909918107,0.16875,0.41612263184843823,0.8447056327860992,0.548533699793867,1
com.companyname.MaturaMatematyka,0.7983367983367984,0.5,0.005771717715267698,0.24428469301031228,0.24658780709736125,0.36041666666666666,0.3660968660968662,0.5004258052306656,0.7331903172669393,2
com.silvermoonapps.learnfunthailanguage,0.5717255717255717,0.7180451127819549,0.5585113046665439,0.5718121309805164,0.17470427661510465,0.25625,0.37193176239568,0.47813276540777927,0.43504391893089545,1
com.codeway.homework,0.7983367983367984,0.8233082706766918,0.3572665649876477,0.3085023149639637,0.16924476797088261,0.2604166666666667,0.427030563998649,0.6109775612428145,0.36475128603265683,0
com.magoosh.toefl.flashcards.vocabulary,0.7110187110187111,0.7368421052631579,0.36514180405018837,0.1819511511634663,0.12283894449499545,0.18125,0.38129996524157106,0.6873254393724156,0.6204824268049082,1
improveenglishspeakingskill.fluently.conversation.grammar.tenses.quiz,0.7754677754677755,0.5413533834586466,0.06950059453032104,0.6443883984867589,0.1610555050045496,0.20416666666666666,0.22064822204487003,0.7026368831701075,0.9701102184033753,2
com.eup.migiitoeic,0.3887733887733888,0.37969924812030076,0.3415291299652373,0.26527088661300463,0.2602365787079163,0.35833333333333334,0.30100859788359785,0.03137509422513802,0.3843168108109891,0
com.dzinemedia.grammar.checker.spell,0.918918918918919,0.7744360902255639,0.18838624948976873,0.33071088441775964,0.060964513193812554,0.1,0.5137451115711985,0.5683095785142556,0.15358951385906086,0
com.cyberdavinci.gptkeyboard,0.6715176715176715,0.7218045112781954,0.4000648578532051,0.2640605296342999,0.12829845313921748,0.18541666666666667,0.35786435786435783,0.3628864146626104,0.43459152340142554,0
com.speechling.speechling,0.4698544698544699,0.5338345864661654,0.46371015119399545,0.46341256747529025,0.2820746132848044,0.44375,0.4509946072446072,0.7841007982772811,0.5065612845023216,1
ai.ouraca.aibrary,0.47401247401247404,0.5375939849624061,0.4617052528502483,0.42613060356551197,0.00818926296633303,0.01875,1.0,0.6983991704422615,0.0,0
com.magoosh.ielts.flashcards.vocabulary,0.6216216216216216,0.5827067669172933,0.285377869943425,0.25964536318554227,0.13193812556869883,0.18541666666666667,0.32728647014361306,0.5681039180498679,0.5409634553536625,0
english.practice.exercises,0.6777546777546778,0.6015037593984962,0.2390171126128927,0.20422678607789843,0.11010009099181074,0.17291666666666666,0.4544457349335398,0.7025105556904155,0.5967368395450993,0
com.picoai.languageapp.android,0.7027027027027027,0.5939849624060151,0.20118224908673335,0.5484979875278548,0.23930846223839855,0.33125,0.3069781371668164,0.21655257668925934,0.3497987722770127,0
com.moodle.moodlemobile,0.012474012474012475,0.018796992481203006,0.7934768722791639,0.5435438878061826,0.1191992720655141,0.17708333333333334,0.38924692684091183,0.5539133460071322,0.12149503236646168,1
ai.praktika.android,0.8066528066528067,0.9360902255639098,0.46916582121372746,0.5766420030690225,0.21474067333939945,0.2833333333333333,0.25803654795251446,0.42536345809058324,0.4785326924557114,1
com.edurev.ielts,0.4781704781704782,0.2857142857142857,0.015265990804653833,0.11705536282942684,0.16287534121929026,0.25833333333333336,0.46340875208278526,0.5401931796674699,0.3716009630233538,0
com.pumkin.fun,0.7255717255717256,0.7556390977443609,0.3689192887715416,0.1994110702691099,0.21383075523202913,0.325,0.41137566137566134,0.5346333282950603,0.6000140953201958,1
com.app.academicieltschannel,0.0,0.0,0.7991328264812212,0.4913829340058846,0.2556869881710646,0.35208333333333336,0.30113859442481344,0.6883477051823086,0.35859925769799633,1
com.french.zeemish,0.23076923076923078,0.23308270676691728,0.4028471657588133,0.41238554745325967,0.20746132848043677,0.3229166666666667,0.439527260179434,0.44335028035242424,0.5695422848720357,1
club.speakpal,0.501039501039501,0.5,0.34598115250146416,0.21448871656848165,0.2156505914467698,0.3145833333333333,0.36458125788669715,0.5613945680882395,0.8086935260966569,2
com.ailamo.ailamo,0.8191268191268192,0.8383458646616542,0.349733006972861,0.3260207336761987,0.16469517743403095,0.27708333333333335,0.5368201925578976,0.552284919707146,0.7919381202825705,2
com.mango.android,0.8295218295218295,0.8458646616541353,0.3460988610291083,0.8456121343445289,0.41310282074613286,0.53125,0.22936681982734622,0.6615251839978791,0.49940874948882336,2
com.udemy.android,0.4594594594594595,0.5526315789473685,0.5196648313521467,0.43894154497010135,0.4049135577797998,0.48125,0.15459323177443982,0.5872469044967802,0.3015551732052945,1
com.vocabularyminer.android,0.6694386694386695,0.5300751879699248,0.15754666342893622,0.5549525395924944,0.3885350318471338,0.5229166666666667,0.2755392755392756,0.609253269148151,0.8241473805557464,2
com.pyankoff.andy,0.7338877338877339,0.6616541353383458,0.24787078495070228,0.37562222074732865,0.11101000909918107,0.15833333333333333,0.34491807475678443,0.3063794159390853,0.5075394294642173,0
ai.artificialintelligence.artificial.intelligence.programming.learn.coding.robotics.leanai,0.4407484407484408,0.34210526315789475,0.16942870362539122,0.12007260179288422,0.30118289353958144,0.42291666666666666,0.32122598789265455,0.5712147641733504,0.7319366109417477,2
com.simonandschuster.pimsleur.unified.android,0.8856548856548857,0.8345864661654135,0.27668746747264117,0.6598409371181054,0.6624203821656051,0.8041666666666667,0.17270058708414882,0.6454911335322403,0.6498940618168202,2
world.petr.vokabeln,0.17255717255717257,0.23684210526315788,0.6814889790784289,0.4566089648056859,0.5677888989990901,0.70625,0.19604822759774843,0.608023402662101,0.5041228964613002,1
com.aitoolskitapp.typingassistant,0.762993762993763,0.6691729323308271,0.22513960625466753,0.21129361609514705,0.18471337579617833,0.2604166666666667,0.3281068524970964,0.608668187401298,0.4508653543614927,0
net.cleanapps.rewrite,0.5571725571725572,0.5112781954887218,0.2735700583903894,0.5763139333575565,0.13739763421292084,0.21458333333333332,0.4460006224712107,0.705835940817599,0.39980382025133027,0
com.chorcha.ai,0.7505197505197505,0.5639097744360902,0.11716760628831428,0.32082916238738435,0.11282984531392175,0.175,0.4394053917863442,0.636691682923092,0.1461366258289991,0
com.lt.ieltspracticetest,0.4095634095634096,0.4774436090225564,0.49305480488595815,0.46918348045397196,0.10282074613284804,0.13125,0.2322291235334713,0.40102535678148143,0.43242077043667715,1
com.quillbot.mobile,0.8877338877338877,0.7255639097744361,0.16738516659944358,0.40755009416091237,0.2629663330300273,0.3770833333333333,0.3446244477172312,0.5952171759734458,0.41104582948012125,0
com.atistudios.italk.ja,0.7214137214137214,0.8120300751879699,0.4416432505923626,0.09301643390360821,0.2584167424931756,0.38958333333333334,0.4010850260850261,0.5500928073802418,0.4977759824402306,1
com.abaenglish.videoclass,0.893970893970894,0.7255639097744361,0.1621387196416403,0.26999373622037454,0.23657870791628755,0.36041666666666666,0.4136223191566702,0.2771430286850688,0.5199283169072274,0
com.learnaibasic.app,0.6091476091476091,0.5902255639097744,0.31307426224191975,0.31805643127364436,0.24021838034576887,0.29583333333333334,0.19008831602816562,0.6349489810932817,0.851955832289051,2
org.coursera.android,0.49272349272349275,0.4849624060150376,0.3353445819125206,0.5870113493064312,0.8498635122838945,0.8979166666666667,0.0510319156152489,0.7090696646880716,0.6429452315159108,2
com.google.android.apps.classroom,0.28274428274428276,0.31954887218045114,0.4811849224723176,0.4374086137135518,0.28116469517743403,0.40625,0.3527024957893125,0.5532745421209638,0.43384381706432046,1
com.moymer.falou,0.6361746361746362,0.5676691729323309,0.2459193600691817,0.44313796772813174,0.3293903548680619,0.41458333333333336,0.20923818245246825,0.4794128427827683,0.6421716915056609,2
io.linga,0.3700623700623701,0.42105263157894735,0.47439828522163724,0.521237658782641,0.3821656050955414,0.5666666666666667,0.3806890844805538,0.6002849072557879,0.6178283913625384,1
co.wordupapp.app,0.5155925155925156,0.556390977443609,0.41271803539666474,0.42322595437349547,0.15195632393084624,0.21458333333333332,0.3312670235747158,0.6138664136906433,0.787978954116816,1
com.rype.go,0.896049896049896,0.7857142857142857,0.21908878964577883,0.40410634536914164,0.7097361237488626,0.8145833333333333,0.12157979133682467,0.636479973621516,0.539478578135622,2
com.blarma.high5,0.7733887733887734,0.5,0.02494751634247211,0.5201433596601847,0.14467697907188354,0.19166666666666668,0.26513358966775114,0.39843403493019963,0.41888175253786414,0
air.com.starfall.more,0.6382536382536382,0.7781954887218046,0.5249375856437595,0.4272489069779736,0.30664240218380345,0.37916666666666665,0.19259493374537623,0.4610257962642679,0.6272888891925843,1
com.YBMSisa.ETSbook,0.6611226611226612,0.6766917293233082,0.35659129682807494,0.24025439991227568,0.05004549590536852,0.08958333333333333,0.6282372598162073,0.5730830661350381,0.34334498670197966,0
com.aimastery,0.8918918918918919,0.5939849624060151,0.03494643537825218,0.45615141257936753,0.014558689717925387,0.03125,0.9018959435626102,0.6422102387174886,0.0561004027857068,0
com.english.test.toeic,0.37422037422037424,0.43609022556390975,0.4961704100927592,0.3832812471443973,0.0,0.0,1.0,0.25591133310967795,0.055872064119616975,0
englishgrammar.speaking.conversation.tenses.grammar.spoken.grammarly,0.7484407484407485,0.6428571428571429,0.21025592037399693,0.6159222655600849,0.24476797088262056,0.26458333333333334,0.07470860422889933,1.0,1.0,2
com.education.android.h.intelligence,0.7276507276507277,0.7293233082706767,0.3350745363538016,0.4629734313171286,0.10191082802547771,0.15,0.380395433027012,0.3779004611963548,0.21205703393649894,0
jp.flipout.trainingtoeic,0.1787941787941788,0.19548872180451127,0.4831001288547615,0.16810811414032073,0.07097361237488627,0.10416666666666667,0.3819444444444445,0.4558210167617198,0.22742811892026293,0
com.stimuler,0.7650727650727651,0.7330827067669173,0.2952660608706005,0.3669449454882115,0.28844404003639673,0.41875,0.35786435786435783,0.6221081640056096,0.5178636288471656,0
com.clearchannel.iheartradio.controller,1.0,0.7030075187969925,0.06258953064874015,0.22784005719335532,0.25204731574158323,0.35208333333333336,0.3164362519201229,0.5375356965527915,0.6168346734961383,2
com.halpindev.grammarplus,0.6133056133056133,0.7330827067669173,0.5054447697781203,0.42129502713964584,0.12738853503184713,0.21666666666666667,0.5523138832997988,0.6084770948475111,0.40439073418160676,1
com.gonliapps.learnfrenchfree.game,0.15592515592515593,0.22556390977443608,0.7350874627226309,0.4463813268056276,0.17470427661510465,0.2604166666666667,0.39013663884797906,0.3885273491585451,0.5703769352911275,1
com.thegrammaruniversity.drfrench,0.659043659043659,0.4924812030075188,0.1201881380517003,0.213393354643831,0.5259326660600546,0.7125,0.2814723590585659,0.5424385558553337,0.6083089208217282,2
com.funeasylearn.french6000,0.604989604989605,0.5676691729323309,0.2873223292535432,0.17923735198712018,0.2820746132848044,0.4354166666666667,0.4283552096052097,0.4720901437478953,0.31711727404375295,0
com.rocketraven.ieltsapp,0.5862785862785863,0.4323308270676692,0.11838657169573896,0.14229279659806487,0.26660600545950863,0.325,0.17991659940812482,0.6354009020762661,0.6068230457864741,2
com.streema.simpleradio,0.9334719334719335,0.8345864661654135,0.23278882410168686,0.1373970773681478,0.32666060054595086,0.44583333333333336,0.2907158246493426,0.47163947541032775,0.8664060836079199,2
com.lolaspeak.lolaspeak,0.3076923076923077,0.34962406015037595,0.4816560371851691,0.23783102143757928,0.181073703366697,0.275,0.41137566137566134,0.45655613781343624,0.27155664147673203,0
com.chatexpo,0.7318087318087318,0.6278195488721805,0.21030173162482035,0.2062639121335432,0.34849863512283896,0.44166666666666665,0.2156771799628942,0.4058153759611251,0.25626374658048473,0
com.yoloai.edu,0.8191268191268192,0.7669172932330827,0.27392172535241105,0.6026844149970199,0.15286624203821655,0.25833333333333336,0.5429505135387489,0.6158510192760146,0.324772852475046,0
com.knudge.me,0.9230769230769231,0.6578947368421053,0.07434210933987506,0.2562710339675986,0.32848043676069155,0.4395833333333333,0.2703004066640431,0.6026225822750354,0.32622729224276714,0
com.rvappstudios.abc_kids_toddler_tracing_phonics,0.498960498960499,0.4699248120300752,0.29931170514211036,0.29367924394632794,0.16560509554140126,0.21666666666666667,0.2514233954451346,0.3201545206727161,0.4647217388050658,0
com.gonliapps.learnamericanenglish.forkidsandbeginners,0.35135135135135137,0.4323308270676692,0.5509056935929706,0.5196811385335975,0.11464968152866242,0.16458333333333333,0.351593501984127,0.4949337809545109,0.5606973973651894,1
com.datacamp,0.9126819126819127,0.7518796992481203,0.17203800725869786,0.37892720099150884,0.3293903548680619,0.49375,0.3935875632304204,0.7258375842172018,0.6844784923827175,2
com.teachmint.teachmint,0.4490644490644491,0.32706766917293234,0.12858803385953593,0.48902173856636527,0.1091901728844404,0.14791666666666667,0.2907559198542805,0.5807823799569027,0.2937547894869874,0
us.nobarriers.elsa,0.7110187110187111,0.6954887218045113,0.31506591684660756,0.7012989675924501,0.21383075523202913,0.325,0.41137566137566134,0.70186652540629,0.614882249693135,1
com.languagedrops.drops.international,0.8544698544698545,0.6240601503759399,0.09302955770794126,0.5175824998416507,0.4822565969062784,0.5895833333333333,0.18013038548752833,0.39053504946247514,0.6921429077728335,2
ca.reev.idioms,0.2577962577962578,0.3609022556390977,0.6920068064952348,0.4407188729195026,0.14012738853503184,0.21458333333333332,0.4226953601953603,0.5723792827037693,0.3828313923401547,1
com.gramaroapp,0.7484407484407485,0.6203007518796992,0.18421222428080258,0.3950132131603727,0.08007279344858963,0.12708333333333333,0.4702380952380952,0.6267582824931762,0.4181847543571686,0
com.gymglish.ftqmobile,0.6091476091476091,0.6616541353383458,0.41281347962382436,0.38798470996216905,0.5195632393084623,0.65,0.2018130696141167,0.5204552956934565,0.7479836381027186,2
com.unacademy.antonio,0.8503118503118503,0.9661654135338346,0.44695887079899127,0.539635804111665,0.3812556869881711,0.4583333333333333,0.16529992836406135,0.46897215468244224,0.5901266255131778,1
com.hrd.vocabulary,0.1496881496881497,0.19172932330827067,0.6237982462174442,0.2595564726712266,0.2902638762511374,0.40208333333333335,0.30685358255451706,0.5743371599751816,0.6357406572188264,1
com.linkedin.android.learning,0.35550935550935553,0.44360902255639095,0.5644107270958423,0.5406460570394999,0.1665150136487716,0.28125,0.5418275418275418,0.7370100782558381,0.49948120347943575,1
com.nithra.bestenglishgrammar,0.6923076923076923,0.5676691729323309,0.18008863906604683,0.5487599831862128,0.18289353958143767,0.27708333333333335,0.40847603409179756,0.6052930034032448,0.6123802691284194,2
com.busuu.android.enc,0.8669438669438669,0.5413533834586466,0.0,0.434522795178533,0.2611464968152866,0.3541666666666667,0.2850963914977756,0.7034299268726364,0.9214852191546757,2
org.brilliant.android,0.659043659043659,0.7218045112781954,0.4180629121176089,0.4352290389747498,0.39672429481346677,0.46458333333333335,0.14125353337682114,0.6051678779057806,0.6942923877905147,2
com.grammarly.android.keyboard,0.817047817047817,0.650375939849624,0.15209166576586317,0.44630096679277,0.27388535031847133,0.4,0.3647519513856147,0.5152288162800696,0.4603172982412993,0
com.reallifeglobal.app,0.8357588357588358,0.7969924812030075,0.28835665469542887,0.2051664182811723,0.2611464968152866,0.37083333333333335,0.3339786895150217,0.4868886718260442,0.65092959467712,2
de.knowunity.app,0.58004158004158,0.5451127819548872,0.2904296514844183,0.433255858038886,0.3093721565059145,0.36666666666666664,0.15320709180358308,0.45922654658747336,0.5602915360037446,2
com.classdojo.android,0.2182952182952183,0.22556390977443608,0.4244258605949234,0.43922198020558656,0.2083712465878071,0.3229166666666667,0.43430907716621997,0.3371846093544383,0.459559506648428,1
english.grammar.test.app,0.604989604989605,0.6090225563909775,0.3454292549709057,0.39034158953738324,0.16833484986351227,0.23333333333333334,0.3106485018249724,0.6612153185655743,0.5719091155461508,1
com.alison.mobile.flutter,0.6632016632016632,0.8007518796992481,0.5139484998653481,0.45766424421783103,0.19199272065514103,0.28541666666666665,0.3865042104478724,0.657444561755543,0.5404336848406278,1
org.letmespeak,0.32432432432432434,0.32706766917293234,0.3779033192689846,0.48824757612717856,0.20291173794358508,0.25833333333333336,0.2230158730158731,0.41970206908739,0.6151061283532719,1
com.ewa.ewaapp,0.8877338877338877,0.8984962406015038,0.3375870307150984,0.27232224697379614,0.16287534121929026,0.2625,0.48292116109795663,0.5901345851438393,0.5028004910067374,0
org.edx.mobile,0.3492723492723493,0.35714285714285715,0.38468190549046666,0.0,0.43039126478616924,0.6125,0.3345446950710109,0.7331328021847587,0.31711364618323773,0
com.hellosimply.simplydraw,0.21205821205821207,0.2593984962406015,0.566186433647651,0.0510474402963919,0.2484076433121019,0.29791666666666666,0.16522366522366516,0.15729975793270176,0.8531794653968524,1
com.noctuasoftware.stellarium_free,0.5862785862785863,0.5789473684210527,0.33040248600781014,0.38368491289070644,0.272975432211101,0.4395833333333333,0.47959371386523714,0.594370572923674,0.4948913535809543,0
com.soundcloud.android,0.16632016632016633,0.21428571428571427,0.6241154025278398,0.20896630564165433,0.28844404003639673,0.42083333333333334,0.3634000099517341,0.47170589417335185,0.2675188605451289,1
com.itunestoppodcastplayer.app,0.9417879417879418,0.9360902255639098,0.3200735055669657,0.25470260613703233,0.5732484076433121,0.7,0.17853375527426155,0.6541903946508956,0.7934049884821167,2
com.babbel.mobile.android.en,0.8752598752598753,0.7330827067669173,0.18558804453572575,0.4371650378310213,0.5141037306642402,0.6458333333333334,0.2058243050306542,0.5073122081877769,0.7392614390440679,2
com.talkme.ai.language,0.9022869022869023,0.9962406015037594,0.4176074299055669,0.463171514307676,0.3475887170154686,0.48541666666666666,0.31480448082010576,0.48769067647436426,0.5025845857313638,1
com.hello.french,0.7047817047817048,0.5827067669172933,0.18513727359558813,0.4741384656729992,0.4121929026387625,0.5291666666666667,0.2276731205302634,0.6043444558820857,0.7913171283010799,2
com.word.vocabulary.vocab,0.7172557172557172,0.6203007518796992,0.21711689407596738,0.46516223948799323,0.26660600545950863,0.35625,0.26970675275760014,0.3926218610603744,0.6263922134478542,2
com.one.ielts_prep_app,0.7671517671517671,0.5413533834586466,0.07658467716839785,0.24216948807112726,0.3202911737943585,0.42083333333333334,0.25174872208770516,0.4346564199417669,0.6503297076839564,2
com.spotify.music,0.8711018711018711,0.8834586466165414,0.33990992611149057,0.4480714095872515,0.2211101000909918,0.2625,0.15670553935860068,0.21333961698147033,0.6810010831265091,2
com.eup.japanvoice,0.6299376299376299,0.47368421052631576,0.12663987185660514,0.5783178570063813,0.3739763421292084,0.47291666666666665,0.21326722779507287,0.0,0.4106688321892072,0
cn.danatech.xingseus,0.7775467775467776,0.7142857142857143,0.2604490287630831,0.3487749730339977,0.33121019108280253,0.45,0.28593113019342525,0.4154971105083144,0.4335150391009406,0
com.atistudios.ispeak.en,0.8523908523908524,0.7443609022556391,0.2176955574349437,0.27911848814426,0.19381255686988172,0.21666666666666667,0.10474344776670363,0.4790663288142831,0.6811610606797498,2
com.atistudios.ispeak.fr,0.8835758835758836,0.7706766917293233,0.21551843713619098,0.23411710877255604,0.25932666060054593,0.41041666666666665,0.45854764670095677,0.6459790085282964,0.521803877660373,0
com.codespaceapps.listeningapp,0.8773388773388774,0.6578947368421053,0.10894265569074688,0.10460965519565674,0.27024567788899,0.38125,0.32672400063704415,0.40242068393217184,0.28777476653041023,0
com.magoosh.ielts.lessons,0.5051975051975052,0.518796992481203,0.3698459025450702,0.15562094250618852,0.20291173794358508,0.3,0.37998236331569657,0.5742216313305138,0.5408733953502235,1
com.audible.application,0.841995841995842,0.7443609022556391,0.22752795493580272,0.483413899397506,0.43767060964513194,0.55,0.20663676098458708,0.5308793739957343,0.6095230177690908,2
com.testsys.TOEIC.S,0.079002079002079,0.06766917293233082,0.427754172106134,0.511979823455233,0.01637852593266606,0.03125,0.7351190476190476,0.25591133310967795,0.2264083550493732,0
ai.metaverselabs.grammargpt,0.6174636174636174,0.6052631578947368,0.32214735544105333,0.46127769215200887,0.4067333939945405,0.5479166666666667,0.276346024675646,0.46652597028738857,0.4362644418591219,0
com.microblink.photomath,0.7172557172557172,0.7406015037593985,0.3616174014317546,0.49909490298173526,0.20473157415832574,0.29583333333333334,0.35432836864554934,0.3202377588011986,0.44533007590057844,0
air.com.eu.inove.sss2,0.6091476091476091,0.6992481203007519,0.4653078045616689,0.2391629886506934,0.22747952684258416,0.32916666666666666,0.35531620055429575,0.512524177549152,0.35297238750573096,1
com.quizlet.quizletandroid,0.5218295218295218,0.6015037593984962,0.4739561501809254,0.38887477659738556,0.3075523202911738,0.4375,0.3352007469654529,0.6403923615146283,0.5950870149436436,1
com.uoe.english_c1,0.11850311850311851,0.12030075187969924,0.46805750729650847,0.10886927280369915,0.31210191082802546,0.4375,0.319243156199678,0.5098608745353348,0.5429695191671157,1
kr.co.devstory.vocat,0.7588357588357588,0.9849624060150376,0.5894729527309789,0.6045757521167358,0.2911737943585077,0.3958333333333333,0.2870699004239377,0.49776803922935065,0.6918483452238517,1
org.khankids.android,0.8253638253638254,0.7368421052631579,0.23581846327679,0.33531014299650214,0.42766151046405826,0.5541666666666667,0.23678369652945933,0.531394832320672,0.8273030910225886,2
com.memrise.android.memrisecompanion,0.8607068607068608,0.9285714285714286,0.39663665704093765,0.387297584018896,0.4895359417652411,0.6333333333333333,0.23478835978835977,0.6216076304184056,0.7537976896828814,2
org.khanacademy.android,0.4698544698544699,0.5864661654135338,0.5566645289495463,0.5609308724062819,0.26933575978161967,0.37916666666666665,0.32446468520294025,0.7039143592105485,0.6496983884532086,1
com.neogpt.english.grammar,0.6528066528066528,0.5451127819548872,0.19577022821658965,0.28329998927566347,0.17652411282984531,0.25833333333333336,0.36933106575963726,0.5787468470819199,0.43655014109950985,0
me.mycake,0.6548856548856549,0.43609022556390975,0.05090962190905869,0.06860467688767999,0.15741583257506825,0.21666666666666667,0.3037414965986395,0.44663262136404835,0.5356568173225421,0
com.moonbug.ccml,0.9126819126819127,0.8646616541353384,0.2801808225812961,0.34691425509690454,0.08735213830755233,0.14166666666666666,0.4954648526077098,0.3765311954729329,0.41396316794537785,0
ai.x.grok,0.016632016632016633,0.041353383458646614,1.0,0.26733921815889033,0.13284804367606914,0.2,0.40342127842127845,0.5002192896292127,0.24609684871620524,1
com.englishtest,0.4095634095634096,0.462406015037594,0.46305804777861853,0.6126261034047916,0.12738853503184713,0.15833333333333333,0.2041135703107535,0.23632434634646504,0.34346865141345073,0
ru.poas.frenchwords,0.4282744282744283,0.44360902255639095,0.38471887739314115,0.3198263778014709,0.4067333939945405,0.4791666666666667,0.14656025736203918,0.5207282666198879,0.9097767092140998,2
com.milinix.englishgrammartest,0.6070686070686071,0.5112781954887218,0.20545266816872113,0.10227420967952322,0.3448589626933576,0.3875,0.1054763987834853,0.5844174890596273,0.5080781019835007,2
com.lms.greatlakes,0.7442827442827443,0.6804511278195489,0.25826200607305344,0.4998280408116473,0.3885350318471338,0.46875,0.16851666851666844,0.6141157728551028,0.6815277517912856,2
com.hellochinese,0.35550935550935553,0.42105263157894735,0.5135071392773262,0.5232590724394005,0.36942675159235666,0.4979166666666667,0.27720393713040775,0.5643823709700326,0.646028368085698,1
com.palmdev.expressenglish,0.5738045738045738,0.5526315789473685,0.3106487818817554,0.42699944647680393,0.06005459508644222,0.09375,0.45465686274509803,0.26613689237576704,0.09789526973206311,0
