,desc_text_length,desc_unique_word_count,desc_lexical_diversity,desc_avg_word_length,rev_text_length,rev_unique_word_count,rev_lexical_diversity,rev_avg_word_length,cosine_similarity
com.logicappkids,0.7439516129032258,0.6666666666666666,0.2722994645912175,0.4130730506101616,0.3341433778857837,0.3918575063613231,0.2347099419700881,0.5314937815206258,0.1821360644524793
ai.chatbot.ask.chat.deep.seek.assistant.search.free,0.8971774193548387,0.7813620071684588,0.2417249148793545,0.0502785588339991,0.2624544349939246,0.3867684478371501,0.4861677530296164,0.3876122035326017,0.4518990438489111
com.magoosh.flashcards.gre,0.719758064516129,0.7491039426523297,0.4279507398891222,0.1835060847455891,0.1773997569866342,0.2595419847328244,0.4807794115135679,0.7827937122738287,0.4846119971061832
com.stimuler,0.7721774193548387,0.7455197132616488,0.3460554990201892,0.3669449454882114,0.3438639125151883,0.5267175572519084,0.5327674869659602,0.7603162453908725,0.5805055884945306
com.hellochinese,0.375,0.4480286738351254,0.6018367597314964,0.5232590724394006,0.3147023086269744,0.3918575063613231,0.2953499213332557,0.5837663132296838,0.6268505870390594
com.speechling.speechling,0.4858870967741935,0.5555555555555556,0.5434740697898592,0.4634125674752902,0.3669501822600243,0.5597964376590331,0.5272848621365702,0.825165093087775,0.4369791966383047
com.lin.duo.hd.french,0.9858870967741936,0.8745519713261649,0.2576327968701115,0.0894000145987976,0.3438639125151883,0.450381679389313,0.3483336002419972,0.7584013554162814,0.5145513307069699
org.ieltstutors.academicwordlist,0.5100806451612904,0.4982078853046595,0.3664626006234743,0.3196126484094317,0.2004860267314702,0.2849872773536895,0.4453077668726524,0.6893513347848814,0.5954032165360744
com.word.vocabulary.vocab,0.7258064516129032,0.6379928315412187,0.25446370268102,0.4651622394879933,0.3523693803159173,0.4274809160305344,0.2678876933364598,0.4591687534482096,0.5751171239047543
com.ai.skillium,0.252016129032258,0.3799283154121863,0.9264809975528374,0.304314209184378,0.1202916160388821,0.1628498727735369,0.3966721548670358,0.5211802797404199,0.090849931305314
com.atistudios.ispeak.fr,0.8870967741935484,0.7813620071684588,0.2525902912488845,0.2341171087725562,0.3450789793438639,0.4987277353689567,0.4608789708398719,0.6673273200393695,0.479594098296868
com.moymer.falou,0.6471774193548387,0.5878136200716846,0.2882205513784459,0.4431379677281319,0.3693803159173754,0.450381679389313,0.2726376076451915,0.5135199860271569,0.5594960322111253
org.pbskids.gamesapp,0.8971774193548387,0.7347670250896057,0.1857205714167592,0.0967326249099755,0.4860267314702308,0.4809160305343511,0.0794170944380251,0.3872833242115865,0.9233005945858164
com.nomadeducation.nomadeducation,0.907258064516129,0.8566308243727598,0.3205841777270348,0.3609805495051397,0.5905224787363305,0.6310432569974556,0.1442368233451453,0.2391489819381043,0.0858829507918889
com.linguist,0.7217741935483871,0.7060931899641577,0.3609408135723924,0.5528952660100201,0.6828675577156743,0.8193384223918575,0.2531243666824292,0.5830448823448426,0.6251422754735743
com.selabs.speak,0.7641129032258065,0.6989247311827957,0.291713446512208,0.4131192693097851,0.4933171324422842,0.5114503816793894,0.1187156659636549,0.479276879853459,0.6175680355729467
com.radio.pocketfm,0.905241935483871,0.8028673835125448,0.2588261911243985,0.3212846681784489,0.25273390036452,0.3791348600508906,0.5083511209194072,0.5573651340079859,0.4160494762078317
com.microblink.photomath,0.7258064516129032,0.7526881720430108,0.4238200961460723,0.4990949029817355,0.2539489671931956,0.3435114503816794,0.3862643429833405,0.4350197947072063,0.465216021626135
com.mosalingua.entoeic,0.6512096774193549,0.6559139784946236,0.3937403785007867,0.317253580772054,0.2490886998784933,0.3104325699745547,0.2983827559209238,0.5812740327665704,0.699912136604346
com.streema.simpleradio,0.935483870967742,0.8422939068100358,0.272831399766384,0.1373970773681478,0.3183475091130012,0.4300254452926209,0.3829468529454125,0.5130353026720247,1.0
com.apple.android.music,0.5544354838709677,0.5878136200716846,0.4531034098244806,0.3660997139605695,0.560145808019441,0.7582697201017812,0.3823319733263137,0.6386547013155353,0.6063085013931288
com.chatexpo,0.7399193548387096,0.6451612903225806,0.2464762474483345,0.2062639121335432,0.4434993924665856,0.5190839694656488,0.2307569974554707,0.4732076333309298,0.2122306783964231
com.busuu.android.enc,0.8709677419354839,0.5627240143369175,0.0,0.4345227951785331,0.4386391251518833,0.5114503816793894,0.22713418896625,0.5722466943149249,0.4982516369906898
com.duolingo.literacy,0.8951612903225806,0.6057347670250895,0.0323227096080281,0.1503921373420942,0.2551640340218711,0.3027989821882951,0.248814344933042,0.4526662462336204,0.6074979912476789
com.atistudios.mondly.languages,0.7439516129032258,0.7670250896057348,0.4169858322365574,0.6058358405073259,0.6172539489671932,0.7531806615776082,0.2705417208188305,0.8413149671145406,0.8932423203330219
es.monkimun.lingokids,0.9213709677419356,0.8494623655913979,0.2963514247320777,0.3197003632530921,0.4131227217496962,0.450381679389313,0.1644374216425936,0.4383411739488498,0.5860809559033681
com.lms.greatlakes,0.7520161290322581,0.6953405017921147,0.3026862861449326,0.4998280408116473,0.5236938031591738,0.5750636132315522,0.1694808925786517,0.659171227470285,0.6944775853111176
bc.leg,0.5221774193548387,0.4301075268817204,0.2039223804615142,0.4398635663531918,0.4191980558930741,0.549618320610687,0.3482276037553742,0.4749866340619473,0.4398935053196518
com.Leksi.English.Flashcards,0.7459677419354839,0.6738351254480287,0.2799558299696079,0.2595716445600575,0.1458080194410692,0.2010178117048346,0.4139100932994062,0.7430199627748468,0.7489699272603574
com.sirius,0.9455645161290324,1.0,0.442392964660171,0.356190995535258,0.7217496962332928,0.7582697201017812,0.1282280784754987,0.5252274163996957,0.3271160470067887
englishgrammar.speaking.conversation.tenses.grammar.spoken.grammarly,0.7560483870967742,0.6594982078853047,0.2464225560920787,0.6159222655600849,0.3207776427703523,0.3231552162849873,0.0978166604721197,0.9590416622671084,0.933734791542888
com.aimastery,0.8951612903225806,0.6129032258064516,0.0409576573011476,0.4561514125793677,0.0182260024301336,0.0356234096692112,0.9023183488832344,0.6643589811085664,0.0105560997585943
com.lingodeer,0.4495967741935484,0.5627240143369175,0.6585768841087989,0.4392959673740977,0.37910085054678,0.4860050890585242,0.3246011551355063,0.6521887914922742,0.5484893432643432
com.blarma.high5,0.780241935483871,0.5232974910394265,0.0292387997176282,0.5201433596601848,0.1385176184690157,0.1908396946564885,0.4139100932994062,0.4537210839035053,0.1803764169799585
com.relitygames.englishgrammar,0.5826612903225806,0.6451612903225806,0.502238858070297,0.7385553828558025,0.2976913730255163,0.3486005089058524,0.2343018960847083,0.5809342942226912,0.533139222293912
com.duolingo,0.7036290322580645,0.7777777777777778,0.4974737077084357,0.4240986750409576,0.2199270959902794,0.3053435114503817,0.4170953645314748,0.6220278867910278,0.8216644457865175
com.listenup.french.listening.practice,0.2963709677419355,0.3405017921146953,0.5596247512831423,0.6429449507086376,0.2430133657351154,0.361323155216285,0.4976372228280625,0.5678367876000405,0.4671539394805981
com.funeasylearn.french6000,0.6169354838709677,0.5878136200716846,0.3367453466758332,0.1792373519871204,0.3778857837181044,0.5368956743002545,0.4400414904134453,0.5449825988850612,0.256027158598435
com.amazon.mp3,0.5141129032258065,0.3978494623655914,0.1517081381067186,0.0744860223585588,0.3961117861482381,0.5776081424936387,0.4709157985104064,0.7046796701108726,0.583351639749634
org.khankids.android,0.8306451612903226,0.7491039426523297,0.2763821745946868,0.3353101429965024,0.5455650060753342,0.6463104325699746,0.2414544349118422,0.5430609629196339,0.7534189702069365
com.silvermoonapps.luvlingualearnfunfrenchlanguage,0.5846774193548387,0.7275985663082437,0.6480631022283165,0.585111447015692,0.1287970838396111,0.188295165394402,0.483810724373789,0.5711286294608215,0.2024716796118929
io.linga,0.3891129032258064,0.4480286738351254,0.5560006959236741,0.5212376587826411,0.4641555285540704,0.6361323155216285,0.397164667393675,0.6446021797834165,0.5975932803768768
com.codeway.homework,0.8044354838709677,0.8315412186379928,0.4187208616713032,0.3085023149639636,0.2600243013365735,0.3486005089058524,0.3760978412542066,0.6251003049269777,0.4381482024914871
co.wordupapp.app,0.530241935483871,0.5770609318996416,0.4837106752896225,0.4232259543734957,0.2320777642770352,0.3256997455470738,0.4290155032659164,0.5690049181355539,0.6295768162246713
tinyleo.com.grammarai,0.5181451612903226,0.5017921146953405,0.3573209546600271,0.4558333372398824,0.2174969623329282,0.3282442748091603,0.5169588681039061,0.540651009734165,0.1975775621352972
com.ereflect.wordela,0.2641129032258064,0.3333333333333333,0.6775586087326977,0.8217356414077726,0.2940461725394896,0.3536895674300254,0.2608090564470062,0.5545789033452757,0.3157230404866151
org.brilliant.android,0.6693548387096774,0.7347670250896057,0.4899749373433582,0.4352290389747497,0.4410692588092345,0.6106870229007634,0.4091060776707127,0.5456497545234189,0.5607290761682011
com.app.academicieltschannel,0.0302419354838709,0.046594982078853,0.936593620804147,0.4913829340058848,0.3402187120291616,0.4274809160305344,0.3041476726098957,0.7006975331430794,0.3152209028424996
com.prodigygame.prodigy,0.4314516129032258,0.4695340501792114,0.4877970965535005,0.33820821569262,0.4046172539489671,0.4122137404580153,0.1051663031624862,0.5247277877430685,0.4674267369514991
club.speakpal,0.5161290322580645,0.5232974910394265,0.4054942177487346,0.2144887165684816,0.3438639125151883,0.4198473282442748,0.274560045552412,0.5879761476776402,0.7448957809952881
com.david.android.languageswitch,0.7641129032258065,0.5376344086021505,0.0651288855623219,0.5686683028932826,0.7168894289185905,0.8295165394402036,0.2172289947607585,0.6519425144679984,0.629814239257588
com.abaenglish.videoclass,0.8971774193548387,0.7383512544802867,0.190028597836959,0.2699937362203748,0.3147023086269744,0.4376590330788804,0.416147077676126,0.376826638647306,0.4777051081792234
com.pyankoff.andy,0.7419354838709677,0.6774193548387096,0.2905076456322992,0.3756222207473287,0.1373025516403402,0.1755725190839694,0.3330701061682899,0.43564334866445,0.4524025213955103
com.uoe.grammarpro,0.3346774193548387,0.4050179211469534,0.6199357512190153,0.6837142411833885,0.1859052247873633,0.2519083969465649,0.3913681738109218,0.6971248762293536,0.430546579843425
com.gonliapps.learnamericanenglish.forkidsandbeginners,0.3709677419354839,0.4587813620071684,0.6456683309529709,0.5196811385335978,0.1518833535844471,0.1984732824427481,0.3543853371501273,0.5483618613282792,0.5187661028505539
com.learnaibasic.app,0.6209677419354839,0.6093189964157706,0.3669269327164062,0.3180564312736442,0.3778857837181044,0.4707379134860051,0.2944522779209413,0.6618396743408628,0.81514778781044
net.studycat.funfrench,0.7419354838709677,0.7813620071684588,0.4407557354925775,0.1717827039224797,0.2405832320777642,0.361323155216285,0.5101338093248771,0.4309456429453457,0.4461089981674071
com.openai.chatgpt,0.2862903225806452,0.4157706093189964,0.8703051334630281,0.4566089648056861,0.1470230862697448,0.2137404580152671,0.4753550028728557,0.4749358685324019,0.0849368116135288
com.estudyme.ielts,0.3649193548387097,0.4014336917562724,0.5040011347619746,0.4993106782795053,0.2831105710814094,0.3867684478371501,0.3965260706430327,0.6292923330616218,0.513824861219295
com.quizlet.quizletandroid,0.5362903225806451,0.6200716845878136,0.5554825081519514,0.3888747765973854,0.2284325637910084,0.3206106870229008,0.4292527610140815,0.5350108925165578,0.710907066262397
com.magoosh.ielts.flashcards.vocabulary,0.6330645161290323,0.6021505376344086,0.3344664161583759,0.2596453631855424,0.1749696233292831,0.2239185750636132,0.33018296377075,0.6059917451936947,0.4988908621368173
com.syubestgames.teachersimulator,0.8407258064516129,0.7956989247311828,0.3241899800604253,0.2974511826970842,0.2272174969623329,0.2366412213740458,0.1301191911075399,0.2188659875227041,0.3312796417678922
com.hellotalk.aigrammar,0.6915322580645161,0.6451612903225806,0.3132017475975961,0.3356837113475301,0.2891859052247873,0.3740458015267175,0.3360890268495349,0.5169027417742349,0.5209322314832908
com.simonandschuster.pimsleur.unified.android,0.8891129032258065,0.8422939068100358,0.3242811562783676,0.6598409371181053,0.8408262454434994,0.969465648854962,0.2132059238105698,0.6642714257875859,0.4403854734154963
com.noctuasoftware.stellarium_free,0.5987903225806451,0.5985663082437276,0.3872358266839615,0.3836849128907067,0.2041312272174969,0.2900763358778626,0.4447569304941743,0.6611562996305946,0.4535501691768212
com.uoe.vocabularypro,0.3064516129032258,0.3763440860215054,0.6400334795713483,0.4260757235567314,0.111786148238153,0.1984732824427481,0.740886567563948,1.0,0.43822957243388
com.education.android.h.intelligence,0.7358870967741935,0.7419354838709677,0.392711527850436,0.4629734313171285,0.2879708383961117,0.361323155216285,0.304018235793045,0.446816841717339,0.3748390779166919
com.podcast.podcasts,0.9657258064516128,0.953405017921147,0.3661751119142049,0.3328462129169951,0.3523693803159173,0.465648854961832,0.3579015015327966,0.5470184156955078,0.4789076675785826
com.wonder,0.8991935483870968,0.7992831541218638,0.2610734090853603,0.3477315153884701,0.7168894289185905,0.7659033078880407,0.1431029525979514,0.5540473973183944,0.5589579184201692
com.lolaspeak.lolaspeak,0.3286290322580645,0.3799283154121863,0.5645068715745405,0.2378310214375791,0.2405832320777642,0.3333333333333333,0.4139100932994062,0.5208597304089988,0.2315067614015464
com.soundcloud.android,0.1915322580645161,0.2508960573476702,0.731471021190647,0.2089663056416544,0.2989064398541919,0.4376590330788804,0.4774620108934464,0.5096656070701511,0.1951504974672956
com.engbright,0.1854838709677419,0.2867383512544803,0.963236493600866,0.5925283732660782,0.4082624544349938,0.5903307888040713,0.4605898203817544,0.392414478620616,0.1232217727950664
com.edurev.ielts,0.4939516129032258,0.3189964157706093,0.0178919312648577,0.117055362829427,0.2162818955042527,0.3104325699745547,0.4560049484767969,0.5870345719442773,0.3254181493153285
co.riiid.vida,0.4798387096774194,0.4301075268817204,0.2832542895700789,0.3047162673392183,0.3499392466585662,0.4580152671755725,0.3474462894467616,0.3695141811262239,0.5720337765546321
world.petr.vokabeln,0.1975806451612903,0.2724014336917563,0.7987135671346197,0.4566089648056861,0.7569866342648846,0.8600508905852418,0.1995097919664414,0.6374329226124562,0.4617865179775735
livio.pack.lang.en_US,0.9576612903225806,0.8387096774193549,0.2459002505473919,0.164636151541595,0.3608748481166464,0.4681933842239186,0.3377184054283291,0.7562439127115748,0.5271291009902227
com.funeasylearn.english,0.6169354838709677,0.5878136200716846,0.3367453466758332,0.2026933783815936,0.1130012150668286,0.1679389312977099,0.5054866412213741,0.5882952960067391,0.1836213960072495
com.lt.ieltspracticetest,0.4274193548387097,0.5017921146953405,0.5778663692197523,0.4691834804539718,0.134872417982989,0.1603053435114503,0.2596759073255659,0.4705967516912794,0.3279950071717628
com.mosalingua.frfree,0.6350806451612904,0.5949820788530465,0.3191376465157245,0.3176726016250755,0.5552855407047388,0.732824427480916,0.3540269941365195,0.6982238565625978,0.6494816611786317
com.funeasylearn.phrasebook.french,0.4455645161290322,0.4587813620071684,0.4255463683970573,0.4331029555823757,0.2345078979343863,0.3104325699745547,0.3630757646570077,0.6981995593783594,0.7132154922776911
com.duocards.app,0.439516129032258,0.3906810035842293,0.2781183728552148,0.8339821262130602,0.7314702308626975,0.8676844783715013,0.2414737240552646,0.617186923835499,0.5133021692506657
com.hellotalk,0.8629032258064516,0.8853046594982079,0.4094344252238988,0.6535165654018114,0.5382746051032807,0.6895674300254453,0.3219228882118692,0.6351614409977304,0.4040513650829808
com.linguist.fr,0.657258064516129,0.6272401433691757,0.3370750499370867,0.466485595111068,0.465370595382746,0.5699745547073791,0.2757386386109244,0.5190103434632087,0.466478663360561
ru.publishing1c.fixies.eng,0.560483870967742,0.5304659498207885,0.332134048649475,0.4504935426359959,0.2490886998784933,0.3256997455470738,0.3491020747700137,0.3601042407012556,0.3549520017383532
com.ielts.speechace.ieltsace,0.2116935483870967,0.2580645161290322,0.6393152506512827,0.2756059969174722,0.212636695018226,0.3358778625954198,0.5752494496383338,0.6062429070981814,0.3794220933508368
ai.metaverselabs.grammargpt,0.6290322580645161,0.6236559139784946,0.3775607108940439,0.461277692152009,0.5540704738760632,0.6768447837150128,0.2721759328554718,0.5438502407903769,0.3954824179790051
com.innovativelanguage.innovativelanguage101,0.8991935483870968,0.7992831541218638,0.2610734090853603,0.2525206914211138,0.4896719319562575,0.5877862595419847,0.2551172614347132,0.6312356817834357,0.7455791509669674
com.english.test.toeic,0.3931451612903225,0.4623655913978494,0.5815178973073707,0.3832812471443976,0.0,0.0,1.0,0.9077627734344152,0.0
com.daily.micro.learning,0.7116935483870968,0.7885304659498208,0.500088471970231,0.4274559933666153,0.284325637910085,0.3867684478371501,0.3916535145639406,0.6651292462741547,0.649625741316973
com.hello.french,0.7137096774193549,0.6021505376344086,0.2169831893731805,0.4741384656729992,0.5492102065613609,0.6437659033078881,0.2309985180214188,0.6345353296312783,0.7510371140357648
jp.flipout.trainingtoeic,0.2036290322580645,0.2329749103942652,0.5661993649883728,0.1681081141403209,0.0935601458080194,0.1246819338422392,0.3846055979643765,0.5175560688620386,0.1831105542674702
com.google.android.apps.youtube.music,0.4153225806451613,0.4731182795698925,0.5419034530574847,0.3896132443282387,0.3693803159173754,0.465648854961832,0.3070011852367573,0.6223381309676217,0.8885292789165884
org.khanacademy.android,0.4858870967741935,0.6057347670250895,0.6524177576809154,0.5609308724062818,0.4119076549210206,0.4987277353689567,0.2648170468580271,0.6803723884984247,0.6709474571793771
english.grammar.test.app,0.6169354838709677,0.6272401433691757,0.4048473869725109,0.3903415895373832,0.2539489671931956,0.3129770992366412,0.2867396418455039,0.7062657661080638,0.5821790854277583
com.earlystart.android.aispeak,0.8366935483870968,0.7311827956989247,0.2461842771222777,0.3579062700266675,0.0984204131227217,0.1653944020356234,0.665091481885375,0.6926112070035311,0.3307565761211066
de.knowunity.app,0.592741935483871,0.5663082437275986,0.340387167012554,0.4332558580388861,0.3462940461725394,0.44529262086514,0.3284386485722363,0.5426570849456418,0.505340881411571
com.tv5monde.apprendre,0.5463709677419355,0.6702508960573477,0.6299800874842718,0.4947620299529003,0.5103280680437424,0.717557251908397,0.4263800913143125,0.619044445303222,0.6533037320222659
com.picoai.languageapp.android,0.7116935483870968,0.6129032258064516,0.2357881003879561,0.5484979875278548,0.3803159173754556,0.4427480916030534,0.2265838889425708,0.4571576515653599,0.4272152624465954
com.magoosh.gre.quiz.vocabulary,0.5584677419354839,0.5734767025089605,0.4175937581510336,0.075779855744686,0.2417982989064398,0.3104325699745547,0.329768473030509,0.7288248369968482,0.5051906070893865
com.palmdev.expressenglish,0.5866935483870968,0.5734767025089605,0.3640842395402062,0.4269994464768039,0.0753341433778857,0.094147582697201,0.3237424153454689,0.2758490818192309,0.1248024100570606
com.appforge.saygo,0.8528225806451613,0.6594982078853047,0.1375201930555832,0.5204012117522576,0.0656136087484811,0.1246819338422392,0.8457658140261597,0.5810892626813025,0.8652806183906562
com.hellotalk.hellowords,0.8326612903225806,0.8422939068100358,0.3944317808094895,0.4688821304057562,0.3438639125151883,0.4580152671755725,0.3667769889143935,0.7660609153146467,0.8326804651704022
ai.artificialintelligence.artificial.intelligence.programming.learn.coding.robotics.leanai,0.4576612903225806,0.3727598566308244,0.198572549816769,0.1200726017928843,0.3997569866342648,0.5165394402035624,0.332704865262577,0.6207369159176386,0.6915077807865068
kr.co.devstory.vocat,0.7661290322580645,0.985663082437276,0.6908696387751165,0.6045757521167356,0.3876063183475091,0.4809160305343511,0.2901395539961753,0.5505941651301804,0.650856115935768
com.sololearn.ai,0.5745967741935484,0.4767025089605734,0.2074202600518387,0.0953460625591771,0.1628189550425273,0.2569974554707379,0.5764751769097898,0.5639771251493659,0.6511012032342752
com.jernung.infinite.fra,0.3346774193548387,0.3870967741935484,0.5646332772293741,0.8126514303526644,0.4459295261239367,0.5623409669211196,0.3061962726084863,0.5939692357602802,0.5313138114925453
com.hrd.vocabulary,0.1754032258064516,0.2293906810035842,0.7310993100466783,0.2595564726712265,0.4143377885783718,0.4402035623409669,0.141310136694479,0.481098567700442,0.728939584750447
com.spotify.music,0.875,0.8888888888888888,0.3983786648407841,0.4480714095872513,0.4264884568651275,0.5190839694656488,0.2698710484323112,0.5674100129787796,0.7800547339898645
com.udemy.android,0.4758064516129032,0.5734767025089605,0.609053651498473,0.4389415449701013,0.4362089914945322,0.5063613231552163,0.2228642121097099,0.4886980950723014,0.2488309758027998
io.ivoca.conversationfrench,0.3266129032258064,0.3512544802867383,0.481488868058741,0.4221347712020407,0.3596597812879708,0.4631043256997456,0.3296229160815951,0.6714820017869987,0.6735707934099722
com.getmimo,0.9294354838709676,0.6953405017921147,0.1086041661317058,0.2989130579675754,0.6877278250303767,0.7455470737913487,0.1564013469458941,0.4842658412681757,0.5326787805676968
com.breboucas.francesparaviajar,0.6108870967741935,0.6487455197132617,0.4532558502483312,0.4239876698893092,0.2891859052247873,0.3791348600508906,0.3506804768088858,0.5896208871993851,0.5609735324241307
air.com.starfall.more,0.6491935483870968,0.7885304659498208,0.6152333851672016,0.4272489069779737,0.410692588092345,0.455470737913486,0.1801616261108996,0.5110716954722729,0.6061017324217848
com.quillbot.mobile,0.8911290322580645,0.7383512544802867,0.1961774989829705,0.4075500941609125,0.4046172539489671,0.5241730279898219,0.3354159093662909,0.5752558071321401,0.3879523383163732
com.guidedelearning.flex,0.2379032258064516,0.2473118279569892,0.4559001052928175,0.2780580075662042,0.3560145808019441,0.4809160305343511,0.3822295578020769,0.5969295521534326,0.5168634847857984
com.db.lingotv,0.6189516129032258,0.6272401433691757,0.4012569402769039,0.2245826530733259,0.6852976913730255,0.8473282442748092,0.2836678918103854,0.48373791299375,0.5360437832442632
com.hyperthought.lingolegend,0.5362903225806451,0.6093189964157706,0.5342368095113266,0.5684360456149582,0.835965978128797,0.7506361323155216,0.0,0.4853286230049303,0.8314779675660667
com.milinix.englishgrammartest,0.6189516129032258,0.5340501792114696,0.2407930847132297,0.1022742096795235,0.4629404617253949,0.4707379134860051,0.1025498303647158,0.6096882074416281,0.4643879388765008
com.eup.migiitoeic,0.407258064516129,0.4086021505376344,0.400276391914365,0.2652708866130049,0.3462940461725394,0.4351145038167939,0.304018235793045,0.1832561728395063,0.3411225984282289
com.linkedin.android.learning,0.375,0.4695340501792114,0.6614963983385034,0.5406460570395,0.2345078979343863,0.371501272264631,0.5783740977306953,0.7484947307518128,0.4331425227611043
com.google.android.apps.translate,0.5262096774193549,0.7526881720430108,0.8460479177656735,1.0,0.1518833535844471,0.2290076335877862,0.5192231234096691,0.6382120893548131,0.5059978813136486
com.grammarly.android.keyboard,0.8225806451612904,0.6666666666666666,0.1782533256217466,0.4463009667927702,0.3596597812879708,0.4758269720101781,0.3590254197622269,0.7392524556703663,0.5473763017438998
livio.pack.lang.fr_FR,0.4596774193548387,0.5161290322580645,0.5227877385772122,0.3072982345523329,0.4034021871202916,0.5521628498727735,0.3964148722038663,0.5938808681067536,0.5627620059704509
com.moodle.moodlemobile,0.0423387096774193,0.064516129032258,0.929964772070035,0.5435438878061829,0.1931956257594167,0.27735368956743,0.4573241604624132,0.6508365482015748,0.1957363653939847
fr.lemonde.ftqmobile,0.344758064516129,0.4623655913978494,0.7548979636986537,0.5352779443077753,0.402187120291616,0.5903307888040713,0.4788362206883942,0.59130140571735,0.3861431798277392
ai.szl.mobileapp,0.3205645161290322,0.4229390681003584,0.7331926306995555,0.2598615074887722,0.2260024301336573,0.3027989821882951,0.3766980357311145,0.5745313910835508,0.2368212599286095
com.halpindev.grammarplus,0.625,0.7455197132616488,0.592387562312374,0.4212950271396458,0.1688942891859052,0.2620865139949109,0.5542414794108161,0.6416470075288663,0.35209725149461
com.languagedrops.drops.international,0.8588709677419355,0.6415770609318996,0.1090317997311508,0.5175824998416507,0.6294046172539489,0.7073791348600509,0.1900484974579126,0.5282911221548168,0.5683444948036832
com.wlingua.curso,0.814516129032258,0.6308243727598566,0.1397613857128026,0.2890920554854981,0.3219927095990279,0.3842239185750636,0.2520792981656603,0.5562804315310443,0.3443651201656666
com.knudge.me,0.9254032258064516,0.6738351254480287,0.0871298776092607,0.2562710339675988,0.4228432563791008,0.5165394402035624,0.2736492609266145,0.623791682387592,0.2752341040371824
com.jobsaround.verbs,0.1915322580645161,0.2616487455197132,0.7866701260700275,0.632591248188,0.1944106925880923,0.3002544529262086,0.5469489064768418,0.6960910705988996,0.2763834517320446
com.englishvocabulary,0.9616935483870968,0.7025089605734767,0.0888736707270771,0.1112159823816267,0.2782503037667071,0.4147582697201018,0.4998025796262175,0.4781340968937475,0.303381297593203
com.french.zeemish,0.2540322580645161,0.2688172043010752,0.4721418931945245,0.4123855474532596,0.2709599027946537,0.3893129770992367,0.4554031840392711,0.5151933827141861,0.5074993506954503
com.pronunciatorllc.bluebird,0.6733870967741935,0.6738351254480287,0.3861309565599189,0.1956534416024604,0.6792223572296476,0.8422391857506362,0.2866806117736546,0.6514741718172958,0.9056129623353474
com.codeway.aitutor,0.8024193548387096,0.5627240143369175,0.0614077407402181,0.5114415772152676,0.2199270959902794,0.3053435114503817,0.4170953645314748,0.4613020130541221,0.296673564992454
com.gymglish.ftqmobile,0.6209677419354839,0.6774193548387096,0.4838225371120106,0.3879847099621689,0.692588092345079,0.7913486005089059,0.2052498123798231,0.5684629843938018,0.7073933479724159
com.ailamo.ailamo,0.8245967741935484,0.8458781362007168,0.4098914378949381,0.3260207336761986,0.212636695018226,0.3333333333333333,0.5653715298624811,0.612396373758104,0.711235276416822
com.companyname.MaturaMatematyka,0.8044354838709677,0.5232974910394265,0.0067645250127,0.2442846930103122,0.2806804374240583,0.3460559796437659,0.2861725495313281,0.5215932952251361,0.748356421871495
ru.poas.frenchwords,0.4455645161290322,0.4695340501792114,0.4508953135562576,0.3198263778014709,0.5419198055893074,0.5826972010178118,0.1502349014207428,0.5686779803390514,0.87034488762298
us.nobarriers.elsa,0.719758064516129,0.7096774193548387,0.3692611767066194,0.7012989675924501,0.2964763061968408,0.3944020356234097,0.3664534206920709,0.6283904045098074,0.4236474856492412
com.jsk.englieshlearning,0.2298387096774193,0.2544802867383512,0.525131510093916,0.6325486899257391,0.1506682867557715,0.2061068702290076,0.4046803309891609,0.4463496789269499,0.3177901663925088
com.bal.listenboise,0.0806451612903225,0.1075268817204301,0.7739318710978629,0.1235813366960907,0.1798298906439854,0.2646310432569975,0.4876565054008053,0.4761643271082829,0.3726334857305141
com.magoosh.toefl.flashcards.vocabulary,0.719758064516129,0.7491039426523297,0.4279507398891222,0.1819511511634663,0.1628189550425273,0.2188295165394402,0.3839638936869671,0.6998923814481066,0.5789792042419565
com.thegrammaruniversity.drfrench,0.6693548387096774,0.5161290322580645,0.140861993983169,0.2133933546438311,0.701093560145808,0.8676844783715013,0.28456611388962,0.585777325741299,0.5667185336874129
com.memrise.android.memrisecompanion,0.8649193548387096,0.931899641577061,0.4648630996643885,0.3872975840188961,0.6221142162818954,0.7302798982188295,0.2318239086933965,0.6536066776611626,0.6774898482614439
com.cyberdavinci.gptkeyboard,0.6814516129032258,0.7347670250896057,0.4688809936930236,0.2640605296343001,0.2600243013365735,0.3333333333333333,0.3274820886246643,0.5241494233171791,0.423360761124305
net.tandem,0.8931451612903226,0.7885304659498208,0.2546963350896258,0.3493064312736442,0.7266099635479951,0.9033078880407124,0.2890856206576826,0.5423533364527229,0.575372806849733
ai.talkpal,0.7963709677419355,0.8172043010752688,0.4107646739225685,0.7413795774451515,0.261239368165249,0.361323155216285,0.411221607488853,0.5133481420623691,0.2740054484552456
com.google.android.apps.classroom,0.3044354838709677,0.3512544802867383,0.5639547192663108,0.437408613713552,0.3511543134872417,0.4631043256997456,0.3557025340722926,0.5851693911395404,0.4244270999498601
com.funeasylearn.phrasebook.english,0.4475806451612903,0.4623655913978494,0.4289767812035017,0.4644108168698331,0.1956257594167679,0.3155216284987277,0.6033171972941105,0.4936794925873928,0.3844020721340351
com.masterenglishprogram,0.5625,0.5806451612903226,0.4231653678208207,0.4519485359438042,0.5722964763061968,0.6793893129770993,0.2432763229941701,0.5357246984553488,0.1734714741590333
com.loora.app,0.3891129032258064,0.4372759856630824,0.5271894558158998,0.3197182665395379,0.1555285540704738,0.1730279898218829,0.1946856243808635,0.3517430417282301,0.3653988750459713
com.classdojo.android,0.2419354838709677,0.2616487455197132,0.497432392169234,0.4392219802055868,0.25273390036452,0.3180661577608142,0.3083583565476406,0.5080499106813035,0.5953784923052815
com.atistudios.ispeak.en,0.8568548387096774,0.7562724014336918,0.2551419033413493,0.2791184881442601,0.25273390036452,0.2544529262086514,0.1000325603270503,0.5391963675192084,0.6021895178643598
no.mobitroll.kahoot.android,0.5403225806451613,0.5412186379928315,0.3915365336417966,0.4025851197982346,0.2563791008505467,0.3409669211195928,0.3673515493091721,0.5981053787581891,0.3586879300216378
com.gonliapps.learnfrenchfree.game,0.1814516129032257,0.2616487455197132,0.8615316571972917,0.4463813268056276,0.2563791008505467,0.3460559796437659,0.383783976599843,0.5290082741610149,0.5597851000306446
com.magoosh.ielts.lessons,0.5201612903225806,0.5412186379928315,0.4334640018850544,0.1556209425061885,0.2697448359659781,0.3638676844783715,0.3826519649420412,0.6108101467968794,0.4988001572869719
com.yoloai.edu,0.8245967741935484,0.7777777777777778,0.3210396720835524,0.6026844149970199,0.2029161603888213,0.3129770992366412,0.5449184253854213,0.643598069410185,0.2811522942546273
english.practice.exercises,0.6875,0.6200716845878136,0.2801310314356386,0.2042267860778985,0.2004860267314702,0.2849872773536895,0.4453077668726524,0.7643283958138256,0.6055030816234281
com.ieltspracticetest,0.2116935483870967,0.3225806451612903,0.9422026466560876,0.4325346784363177,0.1081409477521263,0.1603053435114503,0.5030976877973226,0.7470368996975094,0.2198757435638978
com.vocabularyminer.android,0.6794354838709677,0.5519713261648745,0.1846466507905204,0.5549525395924944,0.5176184690157959,0.6361323155216285,0.2786585763685001,0.6384015836752153,0.7841024370144687
com.tvt.toeictest.newformat2019,0.4637096774193548,0.4623655913978494,0.3903162228521077,0.558559919960814,0.1737545565006075,0.2061068702290076,0.2533375161211613,0.0,0.1269111657178957
com.rocketraven.ieltsapp,0.5987903225806451,0.4587813620071684,0.1387505357868157,0.1422927965980651,0.3414337788578371,0.3842239185750636,0.1951582267139735,0.6474321328746386,0.5634825205265274
org.edx.mobile,0.3689516129032258,0.3870967741935484,0.4508519820260708,0.0,0.6354799513973268,0.7506361323155216,0.2378602734159579,0.7474216821018933,0.2708783754495674
com.codespaceapps.listeningapp,0.8810483870967742,0.6738351254480287,0.1276821486644483,0.1046096551956567,0.4143377885783718,0.5699745547073791,0.4019838451979407,0.5161232413054697,0.3720932139543033
com.hellosimply.simplydraw,0.2358870967741935,0.2939068100358423,0.6635775485224689,0.0510474402963918,0.2806804374240583,0.3180661577608142,0.2035188447402188,0.2898916082995684,0.7846490333653898
com.pandora.android,0.8991935483870968,0.7956989247311828,0.2567747888363837,0.3226760353970603,0.835965978128797,0.8117048346055981,0.0610687022900762,0.5447705766300923,0.6053735004930032
com.dreambear.conjuu.fr,0.4415322580645161,0.4695340501792114,0.4612104687292655,0.285222973747564,0.7484811664641555,0.816793893129771,0.162052395104967,0.5450164108809492,0.6960192404854908
ai.mybuddy.talkingflashcards_new,0.9233870967741936,0.7526881720430108,0.1810459044501596,0.231761959700572,0.2235722964763061,0.3129770992366412,0.4264467757956758,0.4303919668274361,0.4350311418557749
com.datacamp,0.9153225806451613,0.7634408602150538,0.2016306861574536,0.3789272009915088,0.4495747266099635,0.6259541984732825,0.4154813799125445,0.7565326692212371,0.6502094706826856
com.babbel.mobile.android.en,0.8790322580645161,0.7455197132616488,0.2175114985265359,0.4371650378310212,0.6658566221142163,0.7455470737913487,0.1862817084828417,0.7248786173129971,0.8585957152262047
ai.praktika.android,0.8125,0.9390681003584228,0.5498681829690073,0.5766420030690225,0.275820170109356,0.3944020356234097,0.449585131098573,0.5220206764658424,0.3784658835710042
com.google.android.apps.bard,0.7036290322580645,0.6917562724014337,0.3665860795179936,0.187279275377,0.157958687727825,0.2493638676844783,0.5769576613288947,0.4424589072776705,0.2678489809254257
cn.danatech.xingseus,0.7842741935483871,0.7275985663082437,0.3052495039632459,0.3487749730339979,0.4082624544349938,0.529262086513995,0.3361105481621593,0.5668897633851624,0.5284593521733255
ai.ai1min.application,0.0,0.0,0.9001349527665314,0.0610550651534258,0.8396111786148238,0.8982188295165395,0.1436669086535994,0.6710227736938563,0.5612184499549109
com.one.ielts_prep_app,0.7741935483870968,0.5627240143369175,0.0897581950213528,0.2421694880711271,0.4277035236938031,0.5063613231552163,0.2422105149983873,0.4989472489998028,0.6464379524702151
com.wlingua.frenchcourse,0.5887096774193549,0.5376344086021505,0.2956886142481709,0.2850268799362845,0.4155528554070473,0.529262086513995,0.3170778478445255,0.6331397990493817,0.7456296852186992
com.unacademy.antonio,0.8548387096774194,0.9677419354838708,0.5238413606351799,0.5396358041116649,0.5382746051032807,0.6412213740458016,0.2470190212120173,0.6437569785069952,0.5217231299604238
com.audible.application,0.8467741935483871,0.7562724014336918,0.266665595612964,0.4834138993975059,0.7387606318347509,0.8498727735368957,0.2115124332113126,0.6451376505361899,0.5698148519265084
com.reallifeglobal.app,0.8407258064516129,0.8064516129032258,0.3379575889697346,0.2051664182811725,0.5370595382746051,0.638676844783715,0.2453269291248534,0.5299399205151345,0.71349942643432
com.aitoolskitapp.typingassistant,0.7701612903225806,0.6845878136200717,0.2638664212268273,0.2112936160951473,0.2454434993924665,0.3155216284987277,0.3309998138149319,0.6379407646244193,0.4081476419518264
com.alison.mobile.flutter,0.6733870967741935,0.8100358422939068,0.6023540398350253,0.4576642442178311,0.3766707168894289,0.5012722646310432,0.3652253087172483,0.6628036853109571,0.6466886565998402
com.mobiteach.french.learn.words.vocabulary.beginners.a1.a2.b1,0.497983870967742,0.5125448028673835,0.4225123247679638,0.5017211410654037,0.4811664641555285,0.5597964376590331,0.2244223791029738,0.5055974849862555,0.4775611708444468
com.arturagapov.ielts_prep,0.8366935483870968,0.7025089605734767,0.2092986925971023,0.478841502491059,0.2600243013365735,0.4045801526717557,0.5543556008958619,0.6856708338928574,0.4264262489356751
com.mojang.minecraftedu,0.4213709677419355,0.5268817204301075,0.6581219843901434,0.5311920480676511,0.3049817739975698,0.3206106870229008,0.1347097834144777,0.3536358328343283,0.5385815119018267
com.mango.android,0.8346774193548387,0.8530465949820788,0.405632173608452,0.8456121343445289,0.5625759416767923,0.6564885496183206,0.22651224759471,0.6409849044850007,0.4308415901240682
com.podbean.app.podcast,0.8165322580645161,0.8853046594982079,0.472860346771744,0.3923146476513617,0.5941676792223572,0.7150127226463104,0.2566664597943691,0.623915363176375,0.661784810129873
io.zimran.coursiv,0.377016129032258,0.4480286738351254,0.5950913232055786,0.2539938025562871,0.4009720534629404,0.5419847328244275,0.3822295578020769,0.6248880958665368,0.7113414571969895
com.triaxo.nkenne,0.3346774193548387,0.4086021505376344,0.6309962460169438,0.2743386655709368,0.3620899149453219,0.4631043256997456,0.3223943935820379,0.4929250808657759,0.4968002282714192
app.getfluently.app,0.2479838709677419,0.3046594982078853,0.6449242765032237,0.6741394610247071,0.2806804374240583,0.371501272264631,0.3613122811596092,0.6643589811085664,0.3803679340566607
com.rvappstudios.baby.toddler.kids.games.learning.activity,0.3185483870967742,0.3548387096774194,0.5218226561879813,0.1887471255841553,0.1931956257594167,0.272264631043257,0.4356171268809097,0.515612219131659,0.5516962163670385
com.radiocom,0.622983870967742,0.5698924731182796,0.2960114160310911,0.137468425043115,0.8967193195625759,0.89058524173028,0.0793405514176907,0.5478306473331349,0.3615594607393078
co.app.langeek,0.3608870967741935,0.4301075268817204,0.5994941037652528,0.6876464879211426,0.1822600243013365,0.2544529262086514,0.42540205225432,0.7538456694636579,0.4651844771425452
com.instructure.candroid,0.0624999999999999,0.0967741935483871,0.9535511408216424,0.1666911053110058,0.4848116646415552,0.549618320610687,0.1995936348790399,0.4214093003355645,0.1943773504106335
com.rvappstudios.abc.spelling.toddler.spell.phonics,0.6754032258064516,0.4838709677419355,0.0821789565912118,0.2736698271256781,0.2332928311057107,0.2824427480916031,0.2696418085731062,0.4668274419518199,0.5793156606378538
ai.artificial.intelligence.genai.generative,0.9213709677419356,0.6845878136200717,0.1032526370872233,0.1606595019856582,0.4082624544349938,0.5903307888040713,0.4605898203817544,0.5103468470262817,0.4919920193428502
com.preply,0.8306451612903226,0.5842293906810035,0.0627894118460156,0.371847414880202,0.5334143377885784,0.6539440203562341,0.276006585840443,0.6475630180634568,0.648576391488051
air.com.rosettastone.mobile.CoursePlayer,0.8487903225806451,0.7275985663082437,0.2279650983917421,0.2338708503097253,0.425273390036452,0.5419847328244275,0.3176120349746629,0.6176433807400787,0.6587156050660202
deezer.android.app,0.7056451612903226,0.6738351254480287,0.3363348873671641,0.1638159865675486,0.7825030376670716,0.8498727735368957,0.1575523752217121,0.6225063197542378,0.6454323203780052
tunein.player,0.935483870967742,0.8530465949820788,0.2852396019136398,0.3374935093835769,0.339003645200486,0.465648854961832,0.4014400952844998,0.6125709401881729,0.509247463912062
com.atistudios.italk.ja,0.7298387096774194,0.8207885304659498,0.5176113875804276,0.0930164339036081,0.3414337788578371,0.4681933842239186,0.3994642153173493,0.5972943798779409,0.4568004453659515
com.talkme.ai.language,0.905241935483871,0.996415770609319,0.4894411065206816,0.463171514307676,0.4240583232077763,0.5547073791348601,0.3456439393939394,0.5592527980587678,0.4749881461257131
com.teachmint.teachmint,0.4657258064516129,0.3584229390681003,0.1507067764377704,0.4890217385663655,0.1846901579586877,0.2391857506361323,0.342066814413527,0.6039006197889201,0.1481042674366091
com.mycompany.ieltssampletests2024,0.405241935483871,0.4480286738351254,0.5073056422203939,0.4024889141490391,0.1761846901579586,0.2697201017811705,0.5366721683515576,0.5155208513417469,0.3650772279930229
org.coursera.android,0.5080645161290323,0.5089605734767025,0.3930280246069719,0.5870113493064313,1.0,1.0000000000000002,0.0846779907460461,0.7008990177289118,0.5853451206078758
com.rype.go,0.8991935483870968,0.7956989247311828,0.2567747888363837,0.4041063453691418,0.8335358444714459,0.974554707379135,0.2267696296214227,0.7114323560395093,0.4181410330272214
me.mycake,0.6653225806451613,0.4623655913978494,0.0596667106362397,0.0686046768876802,0.2089914945321992,0.2493638676844783,0.2565030897855325,0.4133053553096197,0.496001442550823
com.englishtest,0.4274193548387097,0.4874551971326165,0.5427097964691949,0.6126261034047915,0.1688942891859052,0.1908396946564885,0.2075404078414507,0.3446772397791946,0.2999819585973789
sa.app.iStoria,0.5282258064516129,0.5483870967741935,0.4306963365741696,0.8006047440653159,0.2272174969623329,0.3307888040712468,0.4725190839694655,0.6396983337281843,0.2741340518198862
com.funeasylearn.english.american,0.6431451612903226,0.5913978494623656,0.300384356196091,0.2741244194862142,0.1688942891859052,0.2264631043256997,0.3808909436261334,0.7033550112171092,0.343373946502521
com.adaptedmind.mobile,0.5181451612903226,0.5125448028673835,0.379277475931751,0.2915942001809517,0.6221142162818954,0.5903307888040713,0.0440475308184491,0.359040826074589,0.3751133504379669
com.chillnstudy.enfr,0.1149193548387096,0.1827956989247312,0.9999999999999998,0.3001261034047919,0.2685297691373025,0.3969465648854962,0.489787804434751,0.6339335070678356,0.3055334039532068
com.clearchannel.iheartradio.controller,1.0,0.7168458781362007,0.0733557090788751,0.2278400571933554,0.324422843256379,0.4198473282442748,0.3357647724059938,0.6440753317480787,0.765669069550745
com.ewa.ewaapp,0.8911290322580645,0.9032258064516128,0.395656202519175,0.272322246973796,0.2818955042527338,0.4300254452926209,0.5286340750365437,0.7073430550724926,0.4198902916289914
com.Hello_Hello.Japanese.Main,0.7883064516129032,0.7562724014336918,0.339141899413546,0.290159866574462,0.0121506682867557,0.0254452926208651,1.0,0.5286145584653053,0.4288967192967742
com.chorcha.ai,0.7580645161290323,0.5842293906810035,0.1373218931547741,0.3208291623873842,0.094775212636695,0.1272264631043257,0.3922030597179029,0.6170304659340959,0.1758672556486757
com.lilata.french,0.6532258064516129,0.6523297491039427,0.3845052190916851,0.3803856662463221,0.6500607533414338,0.6208651399491094,0.0489656346661369,0.52603052478212,0.6103677778667305
